﻿<?xml version="1.0" encoding="utf-8" ?>
<toolbar>
	<button label="Label.New" click="SmartNew" image="275" keyid="NewMenu.BlankDocument" />
	<button label="Label.Open" click="Open" image="214" keyid="FileMenu.Open" />
	<button label="Label.Save" click="Save" image="168" keyid="FileMenu.Save" flags="Enable:IsEditable|IsModified" />
	<button label="Label.SaveAll" click="SaveAll" image="169" keyid="FileMenu.SaveAll" flags="Enable:HasModified" />
	<!--<button label="Label.Print" click="Print" image="343" keyid="FileMenu.Print" flags="Enable:IsEditable" />-->
	<separator />
	<button label="Label.ToggleBookmark" click="ToggleBookmark" image="402" keyid="SearchMenu.ToggleBookmark" flags="Enable:IsEditable" />
	<button label="Label.NextBookmark" click="NextBookmark" image="402|9|3|3" keyid="SearchMenu.NextBookmark" flags="Enable:IsEditable|HasBookmarks" />
	<button label="Label.PrevBookmark" click="PrevBookmark" image="402|1|-3|3" keyid="SearchMenu.PrevBookmark" flags="Enable:IsEditable|HasBookmarks" />
	<button label="Label.ClearBookmarks" click="ClearBookmarks" image="402|4|4|4" keyid="SearchMenu.ClearBookmarks" flags="Enable:IsEditable|HasBookmarks" />
	<separator />
	<button label="Label.CommandPrompt" click="PluginCommand" tag="FileExplorer.PromptHere;$(ProjectDir)" image="57" keyid="GeneralToolsMenu.CommandPrompt" />
	<button label="Label.WindowsExplorer" click="PluginCommand" tag="FileExplorer.Explore;$(ProjectDir)" image="46" keyid="GeneralToolsMenu.WindowsExplorer" />
	<button label="Label.CodeSnippets" click="EditSnippets" image="341|5|2|2" keyId="ToolsMenu.CodeSnippets" />
</toolbar>
